firstName,lastName,age
Liam,McGregor,3
Noah,de Pina,5
Oliver,Connor,6
"Eli, jah",,4
James,,8
William,,9
Benjamin,,7
Lucas,,5
Henry,,7
Theodore,,6
Jack,,5
Levi,,7
Alexander,,8
Jackson,,5
Mateo,,7
Daniel,,9
Michael,,4
Mason,,2
Sebastian,,4
Ethan,,8
Logan,,7
Owen,,6
Samuel,,7
Jacob,,8
Asher,,8
Aiden,,5
John,,7
Joseph,,6
Wyatt,,9
David,,7
Leo,,7
Luke,,9
Julian,,6
Hudson,,7
Grayson,,8
Matthew,,8
Ezra,,7
Gabriel,,8
Carter,,7
Isaac,,6
Jayden,,5
Luca,,7
Anthony,,5
Dylan,,4
Lincoln,,8
Thomas,,7
Maverick,,5
Elias,,8
Josiah,,6
Charles,,7
Caleb,,8
Christopher,,7
Ezekiel,,6
Miles,,8
Jaxon,,6
Isaiah,,6
Andrew,,8
Joshua,,9
Nathan,,7
Nolan,,6
Adrian,,8
Cameron,,7
Santiago,,6
Eli,,8
Aaron,,7
Ryan,,6
Angel,,7
Cooper,,6
Waylon,,8
Easton,,5
Kai,,9
Christian,,5
Landon,,6
Colton,Smith,4